{"currentMarketStructure":"NEUTRAL","orderVolume":77,"indecisionCandle":{"isIndecisive":false,"open":1.17242000,"close":1.17268000,"high":1.17268000,"low":1.17236000},"confluence":{"M5":{"isIndecisive":false,"open":1.17242000,"close":1.17268000,"high":1.17268000,"low":1.17236000},"M1":{"isIndecisive":false,"open":1.17242000,"close":1.17268000,"high":1.17268000,"low":1.17236000}},"imbalances":{"1":{"bids":[0,0,21,11,2],"asks":[4,1,34,1,3]},"2":{"bids":[8,25,50,1],"asks":[9,21,2,0]},"3":{"bids":[10,37,4],"asks":[7,4,0]},"4":{"bids":[9,5,24,6],"asks":[1,7,5,0]}},"limitOrder":{"limitPrice":1.17236000,"takeProfit":1.17076000,"stopLoss":1.17318000,"zonePips":3,"takeProfitPips":16,"stopLossPips":5}}